{
    "loop_data_stream__id":"b43fSxO",
    "loop_data_stream_label":"Do you like this?",
    "loop_data_stream_tags":[],   
    "loop_data_stream_type":"like",
    "loop_data_stream_values_raw":[1,2],
    "loop_data_stream_values_base64":["MQ==","Mg=="],
    "loop_auth_requirement":true,
    "loop_group_id":"b4523d",
    "loop_group_label":"Communication #1",
    "loop_reccurence":true,
    "loop_reccurence_group_id": "fjfFoe0",
    "loop_reccurence_group_label": "SMCs",
    "loop_allow_change": "true",
    "loop_created_by":"roman.medioni",
    "loop_modified_by":"",
    "closingType":"lightning",
    "redirect":"true",
    "live_feed":{
        "active":true,
        "showInfo": true   
    },
    "closingParams":{
        "timer":5,
        "message":"Thank you for your feedback",
        "closeWindowAfterTimer":true
    },
    "user_email_notification":{
        "active":true,
        "template":""
    },
    "alert_email_notification":{
        "active":true,
        "treshold":{
            "count":60,
            "sum":1000
        }
    },
    "reccurence_email_notification":{
        "active":true
    }

}